article,category
President announces new policy on climate change.,politics
Local team wins championship game in a stunning victory.,sports
New movie breaks box office records on opening weekend.,entertainment
Tech giant releases latest smartphone model with innovative features.,technology
Stock market sees significant gains in tech and energy sectors.,business
Government unveils new infrastructure projects across the country.,politics
International athletes set records at the annual sporting event.,sports
Celebrity chef opens a new restaurant with a unique cuisine.,entertainment
Researchers develop new AI algorithm to improve voice recognition.,technology
Company reports record-breaking profits for the fiscal year.,business
Legislature passes new bill to improve public healthcare access.,politics
Underdog team secures a surprise win in local tournament.,sports
Upcoming film adaptation of a popular novel excites fans.,entertainment
Startup launches an innovative wearable health device.,technology
Financial experts predict growth in emerging markets.,business
Election results indicate a shift in political power.,politics
National team qualifies for the world championship.,sports
New streaming series captivates audiences with a gripping plot.,entertainment
Engineers create new solar panel with higher efficiency.,technology
Major company announces merger with a rival firm.,business
The government announced a new policy to reform the national education system.,politics
Parliament debated a controversial bill on data privacy regulations.,politics
The prime minister met foreign leaders to discuss regional security issues.,politics
Opposition parties staged a protest against the recent fuel price hike.,politics
The election commission released the final schedule for the upcoming state elections.,politics
A new amendment was introduced to strengthen anti-corruption laws.,politics
The president addressed the nation on the current economic challenges.,politics
Lawmakers argued over the proposed changes to the healthcare policy.,politics
The ruling party launched its manifesto focusing on jobs and development.,politics
Talks between the two neighboring countries resumed after months of tension.,politics
The cabinet approved a relief package for farmers affected by drought,politics
A committee was formed to review the constitution and suggest reforms,politics
Protesters gathered outside the assembly demanding political transparency.,politics
The government announced stricter rules for political party funding,politics
International observers arrived to monitor the national elections,politics
The home minister outlined a new plan for internal security,politics
A coalition of smaller parties announced an alliance before the polls,politics
The parliament session was adjourned repeatedly due to loud disruptions,politics
he foreign minister signed a trade and defense agreement with a partner country.,politics
The supreme court ordered an inquiry into alleged electoral malpractice.,politics
The national cricket team secured a thrilling victory in the final over.,sports
The star footballer scored a hat-trick in yesterday's league match.,sports
The tennis champion advanced to the semifinals after a straight-set win.,sports
The home team celebrated a comeback win after trailing at halftime.,sports
A new world record was set in the 100 meter sprint event.,sports
Fans filled the stadium to watch the highly anticipated derby match,sports
The coach praised the players for their strong defensive performance,sports
Injuries forced several key players to miss the championship game,sports
The club announced the signing of a young forward on a long-term contract,sports
The national hockey team qualified for the upcoming international tournament,sports
The opener scored a century to lead his team to a comfortable win.,sports
The goalkeeper made a crucial save in the final minutes of the match.,sports
The underdog team stunned the crowd by defeating the defending champions,sports
The league organizers confirmed the schedule for the next season.,sports
The star athlete announced retirement after a long and successful career.,sports
Rain interrupted play and forced the match into a reserve day.,sports
The captain emphasized teamwork as the key to their recent success,sports
The marathon attracted thousands of participants from around the world.,sports
The referee's controversial decision sparked debate among fans and experts.,sports
The basketball team clinched the title with a narrow win in game seven,sports
The popular actor announced a new movie set to release next summer,entertainment
A famous singer dropped her latest music album on digital platforms.,entertainment
The film received positive reviews from critics and audiences alike,entertainment
Fans praised the web series for its strong storyline and performances,entertainment
"The award ceremony honored the best films, actors and directors of the year.",entertainment
A new trailer for the upcoming sci-fi movie went viral online,entertainment
The comedian's stand-up special attracted millions of views in a week,entertainment
The director confirmed plans for a sequel to the blockbuster hit,entertainment
The celebrity couple shared photos from their private wedding ceremony,entertainment
The music festival featured performances from artists across multiple genres.,entertainment
The reality show introduced a new format to keep viewers engaged,entertainment
The actress received an international award for her powerful role.,entertainment
The animated film impressed families with its humor and visuals,entertainment
A popular streaming platform announced several new original series.,entertainment
The documentary shed light on the struggles of independent musicians,entertainment
The theater production was praised for its creative stage design,entertainment
The singer announced a world tour with concerts in major cities,entertainment
The film's soundtrack topped the charts for several consecutive weeks.,entertainment
The director shared behind-the-scenes footage from the movie shoot,entertainment
The actor surprised fans with a cameo appearance in a new series,entertainment
A major tech company unveiled its latest smartphone with advanced camera features,technology
Engineers developed a new artificial intelligence system for medical diagnosis.,technology
The software update introduced improved security and performance enhancements.,technology
A startup launched an innovative app for real-time language translation.,technology
Researchers announced a breakthrough in quantum computing technology,technology
The company rolled out a cloud-based platform for small businesses.,technology
Cybersecurity experts warned users about a new wave of phishing attacks.,technology
The tech conference showcased cutting-edge gadgets and emerging trends.,technology
Developers released an open-source tool for faster web application development.,technology
The electric vehicle manufacturer revealed a new model with extended range.,technology
A social media platform introduced stricter privacy control settings.,technology
Scientists designed flexible electronic displays for wearable devices.,technology
The robotics firm demonstrated a humanoid robot performing complex tasks.,technology
The new gaming console supports higher frame rates and 4K resolution,technology
The company invested heavily in research on renewable energy technologies.,technology
A major outage affected several popular websites and online services.,technology
The startup raised funding to build AI-powered customer support solutions.,technology
Experts discussed ethical concerns related to facial recognition systems.,technology
Mobile network providers began testing next-generation 6G connectivity.,technology
The laptop lineup was refreshed with faster processors and better battery life.,technology
The stock market closed higher after strong quarterly earnings reports.,business
A major retail chain announced plans to open new stores across the country.,business
The central bank decided to keep interest rates unchanged this quarter.,business
The company reported a significant increase in revenue and net profit.,business
Investors expressed concerns about rising inflation and global slowdown,business
A small startup gained attention after securing a large funding round,business
The merger between two telecom giants was approved by regulators.,business
The automotive manufacturer announced job cuts amid declining sales.,business
The currency strengthened against the dollar following policy changes,business
Analysts predicted steady growth in the e-commerce sector.,business
The airline introduced discounted fares to attract more customers.,business
The real estate market showed signs of recovery after a slow year.,business
Shareholders raised questions about executive bonuses at the annual meeting.,business
The company launched a new line of eco-friendly consumer products,business
Exports increased as demand rose in international markets,business
The banking sector prepared for stricter regulatory requirements.,business
A leading tech firm diversified into the financial services industry,business
The hospitality industry saw improved bookings during the holiday season.,business
The startup ecosystem benefited from government incentives and tax relief.,business
The oil and gas company revised its long-term investment strategy,business
